{"itemData":{"-1414233257":{"posOffset":{"x":807.2755686726333,"y":0},"size":{"x":334.7244313273667,"y":954},"collapsed":false},"-616099142":{"posOffset":{"x":0,"y":237.53054050408798},"size":{"x":806.2755686726333,"y":716.469459495912},"collapsed":false},"-877138782":{"posOffset":{"x":0,"y":0},"size":{"x":402.92530092785245,"y":236.53054050408798},"collapsed":false},"-583735806":{"posOffset":{"x":0,"y":0},"size":{"x":396.35026774478087,"y":208.53054050408798},"collapsed":false},"-1332266834":{"posOffset":{"x":403.92530092785245,"y":0},"size":{"x":402.35026774478087,"y":236.53054050408798},"collapsed":false}},"dockData":{"panelData":[{"id":-1332266834,"index":1,"children":[-583735806,-1611129204]}],"dockData":{"panelID":null,"splitType":1,"children":[{"panelID":-1414233257,"children":[],"size":{"x":385.08978925742144,"y":954},"pos":{"x":512.9102107425786,"y":0}},{"panelID":null,"splitType":0,"children":[{"panelID":null,"splitType":1,"children":[{"panelID":-1332266834,"children":[],"size":{"x":255.45510537128928,"y":584.530540504088},"pos":{"x":256.4551053712893,"y":0}},{"panelID":-877138782,"children":[],"size":{"x":255.45510537128928,"y":584.530540504088},"pos":{"x":0,"y":0}}],"size":{"x":511.91021074257856,"y":584.030540504088},"pos":{"x":0,"y":0}},{"panelID":-616099142,"splitType":2,"children":[],"size":{"x":511.91021074257856,"y":368.969459495912},"pos":{"x":0,"y":585.530540504088}}],"size":{"x":511.91021074257856,"y":954},"pos":{"x":0,"y":0}}],"size":{"x":898,"y":954},"pos":{"x":0,"y":0}}}}